–î–∞—Ç–∞,–í—Ä–µ–º—è,–ß–∞—Å_–¥–Ω—è,–î–µ–Ω—å_–Ω–µ–¥–µ–ª–∏,–ù–æ–º–µ—Ä_–¥–Ω—è_–Ω–µ–¥–µ–ª–∏,–õ–∞–π–∫–∏,–ß–∞—Å–æ–≤_—Å_–ø—Ä–µ–¥—ã–¥—É—â–µ–≥–æ_–ø–æ—Å—Ç–∞,–ü—Ä–µ–≤—å—é_—Ç–µ–∫—Å—Ç–∞
2021-05-09,06:18:56,6,Sunday,6,23,0.0,–ë–µ–∑ —Ç–µ–∫—Å—Ç–∞
2021-06-29,08:54:08,8,Tuesday,1,50,1226.59,–ë–µ–∑ —Ç–µ–∫—Å—Ç–∞
2022-05-12,10:46:07,10,Thursday,3,0,7609.87,–ë–µ–∑ —Ç–µ–∫—Å—Ç–∞
2022-05-13,08:34:52,8,Friday,4,0,21.81,–ë–µ–∑ —Ç–µ–∫—Å—Ç–∞
2022-06-19,12:44:29,12,Sunday,6,47,892.16,–ë–µ–∑ —Ç–µ–∫—Å—Ç–∞
2022-06-22,21:37:59,21,Wednesday,2,47,80.89,"–ö—Ç–æ —Ç–µ–±—è —É–±–µ–¥–∏–ª, —á—Ç–æ –Ω—É–∂–Ω–æ –∂–∏—Ç—å —Å–ø–æ–∫–æ–π–Ω–æ?
–ú—ã –Ω–∏–∫–æ–≥..."
2022-06-23,21:53:27,21,Thursday,3,10,24.26,–ë–µ–∑ —Ç–µ–∫—Å—Ç–∞
2022-12-04,10:30:30,10,Sunday,6,0,3924.62,‚ù§Ô∏è...
2023-01-26,13:01:14,13,Thursday,3,0,1274.51,–ë–µ–∑ —Ç–µ–∫—Å—Ç–∞
2023-01-29,15:33:16,15,Sunday,6,0,74.53,–ë–µ–∑ —Ç–µ–∫—Å—Ç–∞
2023-03-07,00:45:49,0,Tuesday,1,36,873.21,–ë–µ–∑ —Ç–µ–∫—Å—Ç–∞
2023-03-22,07:57:16,7,Wednesday,2,13,367.19,–ë–µ–∑ —Ç–µ–∫—Å—Ç–∞
2023-03-30,08:59:01,8,Thursday,3,18,193.03,üßòüèº‚Äç‚ôÄÔ∏è...
2023-03-31,15:52:29,15,Friday,4,1,30.89,üòª...
2023-04-12,22:03:46,22,Wednesday,2,24,294.19,ü•∞...
2023-04-19,00:10:17,0,Wednesday,2,18,146.11,–ë–µ–∑ —Ç–µ–∫—Å—Ç–∞
2023-04-22,00:00:29,0,Saturday,5,14,71.84,–ë–µ–∑ —Ç–µ–∫—Å—Ç–∞
2023-04-22,21:33:24,21,Saturday,5,49,21.55,ü•∞...
2023-04-23,14:47:12,14,Sunday,6,38,17.23,ü´ßü´ßü´ßü´ßü´ß...
2023-04-25,20:48:21,20,Tuesday,1,3,54.02,–ë–µ–∑ —Ç–µ–∫—Å—Ç–∞
2023-05-01,22:07:36,22,Monday,0,20,145.32,–ë–µ–∑ —Ç–µ–∫—Å—Ç–∞
2023-05-02,23:03:43,23,Tuesday,1,17,24.94,–ë–µ–∑ —Ç–µ–∫—Å—Ç–∞
2023-05-05,17:30:09,17,Friday,4,17,66.44,–ë–µ–∑ —Ç–µ–∫—Å—Ç–∞
2023-05-15,02:09:27,2,Monday,0,12,224.66,–ò–ª–∏ –∫–∞–∫ –≤–ª—é–±–∏—Ç—å—Å—è –≤ –∞–∫–∫–æ—Ä–¥–µ–æ–Ω —Å–æ –≤—Ç—Ä–æ–π –º–∏–Ω—É—Ç—ã –∫–æ–Ω—Ü...
2023-05-18,08:00:20,8,Thursday,3,17,77.85,–ú–∞–π....
2023-05-20,10:28:25,10,Saturday,5,21,50.47,–ë–µ–∑ —Ç–µ–∫—Å—Ç–∞
2023-05-22,10:47:10,10,Monday,0,21,48.31,"–ï—Å—Ç—å –≤–µ—â–∏, —á—Ç–æ –Ω–µ –∑–∞–º–µ—Ç–∏—Ç—å, –∏ —Ç–µ, —á—Ç–æ –±–µ—Ä—É—Ç –¥–æ –¥—Ä–æ..."
2023-05-26,13:46:07,13,Friday,4,2,98.98,–ë–µ–∑ —Ç–µ–∫—Å—Ç–∞
2023-05-29,10:04:42,10,Monday,0,20,68.31,–ë–µ–∑ —Ç–µ–∫—Å—Ç–∞
2023-05-30,10:48:47,10,Tuesday,1,14,24.73,–ë–µ–∑ —Ç–µ–∫—Å—Ç–∞
2023-05-31,21:51:50,21,Wednesday,2,22,35.05,–ë–µ–∑ —Ç–µ–∫—Å—Ç–∞
2023-06-06,00:13:48,0,Tuesday,1,21,122.37,–ë–µ–∑ —Ç–µ–∫—Å—Ç–∞
2023-06-20,13:43:47,13,Tuesday,1,15,349.5,–ë–µ–∑ —Ç–µ–∫—Å—Ç–∞
2023-06-21,12:15:20,12,Wednesday,2,14,22.53,–ë–µ–∑ —Ç–µ–∫—Å—Ç–∞
2023-06-22,11:18:51,11,Thursday,3,13,23.06,–ë–µ–∑ —Ç–µ–∫—Å—Ç–∞
2023-06-26,07:57:38,7,Monday,0,18,92.65,–ë–µ–∑ —Ç–µ–∫—Å—Ç–∞
2023-06-26,15:50:57,15,Monday,0,10,7.89,–ë–µ–∑ —Ç–µ–∫—Å—Ç–∞
2023-06-29,00:42:03,0,Thursday,3,0,56.85,–ë–µ–∑ —Ç–µ–∫—Å—Ç–∞
2023-06-29,08:10:26,8,Thursday,3,15,7.47,–ë–µ–∑ —Ç–µ–∫—Å—Ç–∞
2023-06-30,08:22:42,8,Friday,4,19,24.2,–ë–µ–∑ —Ç–µ–∫—Å—Ç–∞
2023-07-01,12:23:59,12,Saturday,5,22,28.02,–ë–µ–∑ —Ç–µ–∫—Å—Ç–∞
2023-07-05,09:57:01,9,Wednesday,2,3,93.55,–ë–µ–∑ —Ç–µ–∫—Å—Ç–∞
2023-07-07,00:50:14,0,Friday,4,19,38.89,–ë–µ–∑ —Ç–µ–∫—Å—Ç–∞
2023-07-12,11:00:21,11,Wednesday,2,19,130.17,–ë–µ–∑ —Ç–µ–∫—Å—Ç–∞
2023-07-19,17:43:42,17,Wednesday,2,29,174.72,–ë–µ–∑ —Ç–µ–∫—Å—Ç–∞
2023-07-20,22:44:35,22,Thursday,3,65,29.01,–ë–µ–∑ —Ç–µ–∫—Å—Ç–∞
2023-07-25,14:02:24,14,Tuesday,1,22,111.3,–ë–µ–∑ —Ç–µ–∫—Å—Ç–∞
2023-08-07,22:34:34,22,Monday,0,1,320.54,–ë–µ–∑ —Ç–µ–∫—Å—Ç–∞
2023-08-09,19:15:48,19,Wednesday,2,34,44.69,–ë–µ–∑ —Ç–µ–∫—Å—Ç–∞
2023-08-10,19:33:41,19,Thursday,3,29,24.3,"–ó–∞—Ö–æ–¥–∏—à—å —Ç–∞–∫–∞—è –≤ –≤–∞–≥–æ–Ω, –∞ —Ç–≤–æ–µ –∏–º—è —É –∫–æ–≥–æ-—Ç–æ –Ω–∞ –ª—è..."
2023-08-14,08:27:03,8,Monday,0,28,84.89,–ë–µ–∑ —Ç–µ–∫—Å—Ç–∞
2023-08-16,19:56:54,19,Wednesday,2,29,59.5,‚ù§Ô∏è...
2023-09-02,23:41:00,23,Saturday,5,11,411.74,–ë–µ–∑ —Ç–µ–∫—Å—Ç–∞
2023-09-04,17:19:21,17,Monday,0,22,41.64,–ë–µ–∑ —Ç–µ–∫—Å—Ç–∞
2023-09-12,15:54:34,15,Tuesday,1,4,190.59,–ë–µ–∑ —Ç–µ–∫—Å—Ç–∞
2023-09-14,10:07:13,10,Thursday,3,1,42.21,–ë–µ–∑ —Ç–µ–∫—Å—Ç–∞
2023-09-19,21:36:29,21,Tuesday,1,30,131.49,‚úàÔ∏è...
2023-10-28,23:23:13,23,Saturday,5,14,937.78,–ë–µ–∑ —Ç–µ–∫—Å—Ç–∞
2023-10-30,17:25:03,17,Monday,0,10,42.03,–ë–µ–∑ —Ç–µ–∫—Å—Ç–∞
2023-11-24,08:57:26,8,Friday,4,29,591.54,–ë–µ–∑ —Ç–µ–∫—Å—Ç–∞
2023-11-24,17:37:37,17,Friday,4,23,8.67,–ë–µ–∑ —Ç–µ–∫—Å—Ç–∞
2023-12-04,10:18:24,10,Monday,0,22,232.68,–ë–µ–∑ —Ç–µ–∫—Å—Ç–∞
2023-12-06,18:39:19,18,Wednesday,2,13,56.35,–ë–µ–∑ —Ç–µ–∫—Å—Ç–∞
2023-12-07,08:41:31,8,Thursday,3,21,14.04,–ë–µ–∑ —Ç–µ–∫—Å—Ç–∞
2024-01-08,03:52:47,3,Monday,0,55,763.19,–ë–µ–∑ —Ç–µ–∫—Å—Ç–∞
2024-01-13,22:01:42,22,Saturday,5,18,138.15,–ë–µ–∑ —Ç–µ–∫—Å—Ç–∞
2024-01-14,16:13:29,16,Sunday,6,21,18.2,–ë–µ–∑ —Ç–µ–∫—Å—Ç–∞
2024-01-18,08:36:32,8,Thursday,3,26,88.38,–ë–µ–∑ —Ç–µ–∫—Å—Ç–∞
2024-02-26,15:06:58,15,Monday,0,22,942.51,–ë–µ–∑ —Ç–µ–∫—Å—Ç–∞
2024-02-29,13:13:22,13,Thursday,3,22,70.11,–ë–µ–∑ —Ç–µ–∫—Å—Ç–∞
2024-04-25,23:24:04,23,Thursday,3,38,1354.18,–ë–µ–∑ —Ç–µ–∫—Å—Ç–∞
2024-06-03,23:04:57,23,Monday,0,26,935.68,–ë–µ–∑ —Ç–µ–∫—Å—Ç–∞
2024-06-09,20:09:27,20,Sunday,6,22,141.07,–ë–µ–∑ —Ç–µ–∫—Å—Ç–∞
2024-06-28,17:43:25,17,Friday,4,15,453.57,–ë–µ–∑ —Ç–µ–∫—Å—Ç–∞
2024-06-28,23:27:45,23,Friday,4,21,5.74,–ë–µ–∑ —Ç–µ–∫—Å—Ç–∞
2024-08-13,11:40:39,11,Tuesday,1,2,1092.21,–ë–µ–∑ —Ç–µ–∫—Å—Ç–∞
2024-08-18,20:14:04,20,Sunday,6,0,128.56,–ë–µ–∑ —Ç–µ–∫—Å—Ç–∞
2024-08-22,18:49:31,18,Thursday,3,16,94.59,–ë–µ–∑ —Ç–µ–∫—Å—Ç–∞
2024-09-21,11:30:47,11,Saturday,5,83,712.69,–ë–µ–∑ —Ç–µ–∫—Å—Ç–∞
2024-10-03,15:45:57,15,Thursday,3,1,292.25,–ë–µ–∑ —Ç–µ–∫—Å—Ç–∞
2024-10-05,00:07:21,0,Saturday,5,30,32.36,–ë–µ–∑ —Ç–µ–∫—Å—Ç–∞
2024-11-07,07:45:19,7,Thursday,3,31,799.63,–ë–µ–∑ —Ç–µ–∫—Å—Ç–∞
2024-12-12,12:28:09,12,Thursday,3,16,844.71,–ë–µ–∑ —Ç–µ–∫—Å—Ç–∞
2025-01-20,18:49:26,18,Monday,0,28,942.35,–ë–µ–∑ —Ç–µ–∫—Å—Ç–∞
2025-01-30,23:01:43,23,Thursday,3,32,244.2,–ë–µ–∑ —Ç–µ–∫—Å—Ç–∞
2025-02-09,03:37:40,3,Sunday,6,24,220.6,–ë–µ–∑ —Ç–µ–∫—Å—Ç–∞
2025-02-24,14:07:31,14,Monday,0,5,370.5,–ë–µ–∑ —Ç–µ–∫—Å—Ç–∞
2025-03-22,14:05:49,14,Saturday,5,37,623.97,–ë–µ–∑ —Ç–µ–∫—Å—Ç–∞
2025-04-15,10:47:48,10,Tuesday,1,17,572.7,–ë–µ–∑ —Ç–µ–∫—Å—Ç–∞
2025-04-26,01:10:38,1,Saturday,5,8,254.38,–ë–µ–∑ —Ç–µ–∫—Å—Ç–∞
2025-04-30,18:20:53,18,Wednesday,2,14,113.17,–ë–µ–∑ —Ç–µ–∫—Å—Ç–∞
2025-05-01,09:54:31,9,Thursday,3,20,15.56,–ë–µ–∑ —Ç–µ–∫—Å—Ç–∞
2025-07-04,17:26:24,17,Friday,4,30,1543.53,–ë–µ–∑ —Ç–µ–∫—Å—Ç–∞
2025-07-04,17:27:55,17,Friday,4,35,0.03,–ë–µ–∑ —Ç–µ–∫—Å—Ç–∞
2025-07-28,21:50:23,21,Monday,0,25,580.37,–ë–µ–∑ —Ç–µ–∫—Å—Ç–∞
2025-08-26,18:44:50,18,Tuesday,1,12,692.91,–ë–µ–∑ —Ç–µ–∫—Å—Ç–∞
2025-09-22,08:55:42,8,Monday,0,8,638.18,–ë–µ–∑ —Ç–µ–∫—Å—Ç–∞
2025-10-03,08:51:14,8,Friday,4,24,263.93,‚ù§Ô∏è...
2025-10-10,08:43:36,8,Friday,4,21,167.87,–ë–µ–∑ —Ç–µ–∫—Å—Ç–∞
2025-10-13,08:36:07,8,Monday,0,10,71.88,–ë–µ–∑ —Ç–µ–∫—Å—Ç–∞
